transaction_id,amount,timestamp,user_id,user_comment,category
1,23.463404498842955,2026-02-06T16:00:22.791953,47,Comment 0,C
2,150.50607154587604,2026-02-06T15:00:22.791962,12,Comment 1,A
3,719.9278198569175,2026-02-06T14:00:22.791969,62,Comment 2,A
4,45.64712768879766,2026-02-06T13:00:22.791970,80,Comment 3,C
5,8.481243523117314,2026-02-06T12:00:22.791972,88,,B
6,8.479814595730259,2026-02-06T11:00:22.791973,83,Comment 5,
7,2.991938430434034,2026-02-06T10:00:22.791974,8,,C
8,100.56154322399698,2026-02-06T09:00:22.791976,95,Comment 7,
9,45.954107681363226,2026-02-06T08:00:22.791977,21,Comment 8,C
10,61.562503085229515,2026-02-06T07:00:22.791978,81,Comment 9,A
11,1.0399653999569312,2026-02-06T06:00:22.791979,87,Comment 10,A
12,175.1778737579156,2026-02-06T05:00:22.791981,80,Comment 11,C
13,89.32147716773375,2026-02-06T04:00:22.791982,70,Comment 12,B
14,11.93438126244735,2026-02-06T03:00:22.791983,72,,A
15,10.033949437483168,2026-02-06T02:00:22.791984,25,Comment 14,A
16,10.130571141612853,2026-02-06T01:00:22.791985,82,,
17,18.137686473023855,2026-02-06T00:00:22.791987,89,Comment 16,B
18,37.19639154304272,2026-02-05T23:00:22.791988,12,Comment 17,B
19,28.27685333901683,2026-02-05T22:00:22.791989,15,Comment 18,B
20,17.211149627697075,2026-02-05T21:00:22.791990,59,,A
21,47.318543694989934,2026-02-05T20:00:22.791991,26,Comment 20,A
22,7.511726436366933,2026-02-05T19:00:22.791993,26,,A
23,17.275775600120113,2026-02-05T18:00:22.791994,47,Comment 22,A
24,22.81386091104235,2026-02-05T17:00:22.791995,32,,C
25,30.446734392988752,2026-02-05T16:00:22.791997,10,Comment 24,B
26,76.8968005515456,2026-02-05T15:00:22.791998,16,Comment 25,C
27,11.136793106434514,2026-02-05T14:00:22.791999,71,Comment 26,C
28,36.10145775165638,2026-02-05T13:00:22.792000,17,Comment 27,A
29,44.875236065488025,2026-02-05T12:00:22.792001,23,Comment 28,B
30,2.3781924878204275,2026-02-05T11:00:22.792002,26,Comment 29,B
31,46.7666510324805,2026-02-05T10:00:22.792003,85,Comment 30,C
32,9.348062598870822,2026-02-05T09:00:22.792005,86,Comment 31,A
33,3.363196543965212,2026-02-05T08:00:22.792006,7,Comment 32,B
34,148.68438967534655,2026-02-05T07:00:22.792007,14,Comment 33,B
35,168.53151712305862,2026-02-05T06:00:22.792008,79,Comment 34,A
36,82.61657864064384,2026-02-05T05:00:22.792009,7,,A
37,18.164392998437915,2026-02-05T04:00:22.792010,9,Comment 36,B
38,5.138865750125312,2026-02-05T03:00:22.792011,48,,C
39,57.63753815493309,2026-02-05T02:00:22.792012,72,Comment 38,A
40,29.004542129269918,2026-02-05T01:00:22.792014,59,Comment 39,B
41,6.507611697722432,2026-02-05T00:00:22.792015,87,Comment 40,A
42,34.177361406707504,2026-02-04T23:00:22.792016,93,Comment 41,C
43,1.7496860721739542,2026-02-04T22:00:22.792017,82,Comment 42,A
44,120.02114436965118,2026-02-04T21:00:22.792018,95,Comment 43,C
45,14.972888842034305,2026-02-04T20:00:22.792019,94,Comment 44,A
46,54.31278992824902,2026-02-04T19:00:22.792021,39,,A
47,18.677329082881183,2026-02-04T18:00:22.792022,99,Comment 46,A
48,36.70554479546143,2026-02-04T17:00:22.792023,18,,A
49,39.561189899089875,2026-02-04T16:00:22.792024,59,Comment 48,B
50,10.219429975395288,2026-02-04T15:00:22.792025,17,Comment 49,A
51,174.64035663681133,2026-02-04T14:00:22.792026,14,Comment 50,C
52,74.61226885690704,2026-02-04T13:00:22.792027,31,Comment 51,A
53,140.25472096457912,2026-02-04T12:00:22.792029,24,Comment 52,A
54,112.60759987670983,2026-02-04T11:00:22.792030,99,,A
55,676.5514444691947,2026-02-04T10:00:22.792031,60,Comment 54,A
56,127.47176896347025,2026-02-04T09:00:22.792032,45,Comment 55,A
57,4.6327729476557815,2026-02-04T08:00:22.792033,98,Comment 56,B
58,10.906734731563372,2026-02-04T07:00:22.792034,3,Comment 57,B
59,2.314098284341598,2026-02-04T06:00:22.792035,37,Comment 58,B
60,19.67660434015434,2026-02-04T05:00:22.792037,43,,B
61,24.60651458971093,2026-02-04T04:00:22.792038,40,Comment 60,B
62,15.828022160441286,2026-02-04T03:00:22.792039,90,Comment 61,A
63,88.22789326204669,2026-02-04T02:00:22.792040,55,,B
64,22.061349976493506,2026-02-04T01:00:22.792041,87,Comment 63,
65,16.49014200671246,2026-02-04T00:00:22.792042,39,,B
66,39.1203541603873,2026-02-03T23:00:22.792044,15,,B
67,7.594907391031443,2026-02-03T22:00:22.792045,4,,A
68,81.02417978873656,2026-02-03T21:00:22.792046,93,Comment 67,C
69,3.8737934405654504,2026-02-03T20:00:22.792047,86,Comment 68,C
70,216.70731697936597,2026-02-03T19:00:22.792048,25,Comment 69,B
71,73.97418881207557,2026-02-03T18:00:22.792049,13,Comment 70,
72,11.076972025294298,2026-02-03T17:00:22.792050,82,Comment 71,A
73,0.2768710187967737,2026-02-03T16:00:22.792052,33,Comment 72,A
74,84.4948388743063,2026-02-03T15:00:22.792053,16,Comment 73,C
75,61.35479536935223,2026-02-03T14:00:22.792054,42,,C
76,65.28314543939995,2026-02-03T13:00:22.792055,66,Comment 75,A
77,73.76072630217567,2026-02-03T12:00:22.792056,55,,A
78,3.8464632756898176,2026-02-03T11:00:22.792058,99,Comment 77,A
79,22.194633620811626,2026-02-03T10:00:22.792059,42,Comment 78,A
80,6.157505230222482,2026-02-03T09:00:22.792060,34,,C
81,99.42647858291113,2026-02-03T08:00:22.792061,30,,B
82,48.815059585618705,2026-02-03T07:00:22.792062,13,Comment 81,A
83,20.09094006256505,2026-02-03T06:00:22.792063,13,Comment 82,A
84,3.2834032902391446,2026-02-03T05:00:22.792064,18,,A
85,721.2886729664077,2026-02-03T04:00:22.792066,32,Comment 84,A
86,19.665710659206567,2026-02-03T03:00:22.792067,96,,B
87,65.39378919788705,2026-02-03T02:00:22.792068,99,Comment 86,
88,50.744467946301,2026-02-03T01:00:22.792069,39,Comment 87,C
89,109.11259562007574,2026-02-03T00:00:22.792070,46,,A
90,31.95330666881549,2026-02-02T23:00:22.792071,29,,C
91,6.368619680775095,2026-02-02T22:00:22.792072,62,,C
92,62.45631721582997,2026-02-02T21:00:22.792073,93,Comment 91,C
93,71.5196376538432,2026-02-02T20:00:22.792074,62,,B
94,41.19437474429144,2026-02-02T19:00:22.792076,57,Comment 93,A
95,73.69449833606822,2026-02-02T18:00:22.792077,16,,A
96,34.0407365755139,2026-02-02T17:00:22.792078,56,Comment 95,A
97,36.98394193886335,2026-02-02T16:00:22.792079,10,Comment 96,A
98,27.890709695421368,2026-02-02T15:00:22.792080,30,Comment 97,A
99,1.2873886995056865,2026-02-02T14:00:22.792081,25,Comment 98,B
100,5.708371759593292,2026-02-02T13:00:22.792083,84,Comment 99,C
101,1.5966840646526912,2026-02-02T12:00:22.792084,5,Comment 100,B
102,50.58647754637747,2026-02-02T11:00:22.792085,65,Comment 101,A
103,18.869835439754993,2026-02-02T10:00:22.792086,94,Comment 102,
104,35.52185885670951,2026-02-02T09:00:22.792087,49,,C
105,119.06327649229877,2026-02-02T08:00:22.792088,3,Comment 104,C
106,14.336941149164916,2026-02-02T07:00:22.792089,45,Comment 105,
107,26.41409874413363,2026-02-02T06:00:22.792090,14,,B
108,70.43745737692917,2026-02-02T05:00:22.792092,30,Comment 107,
109,12.990257845869701,2026-02-02T04:00:22.792093,68,Comment 108,A
110,4.0052139275088185,2026-02-02T03:00:22.792094,18,Comment 109,A
111,17.107015194352854,2026-02-02T02:00:22.792095,62,Comment 110,A
112,8.790417925003142,2026-02-02T01:00:22.792096,37,Comment 111,A
113,132.74750429403124,2026-02-02T00:00:22.792097,25,,A
114,82.54435402422847,2026-02-01T23:00:22.792099,48,Comment 113,B
115,50.174709526026554,2026-02-01T22:00:22.792100,65,Comment 114,C
116,102.57598652604065,2026-02-01T21:00:22.792101,53,,B
117,81.39844703702782,2026-02-01T20:00:22.792102,79,,A
118,10.324773817931954,2026-02-01T19:00:22.792103,73,Comment 117,C
119,111.54067026177805,2026-02-01T18:00:22.792104,15,,B
120,38.7549950983086,2026-02-01T17:00:22.792105,49,Comment 119,A
121,82.36741456517831,2026-02-01T16:00:22.792106,88,,B
122,113.21213246431157,2026-02-01T15:00:22.792108,68,,A
123,19.136535820915924,2026-02-01T14:00:22.792109,12,,A
124,5.829608006192542,2026-02-01T13:00:22.792110,59,Comment 123,C
125,12.934337306969068,2026-02-01T12:00:22.792111,37,Comment 124,A
126,27.85288463743072,2026-02-01T11:00:22.792112,61,Comment 125,B
127,85.19148633194725,2026-02-01T10:00:22.792113,43,Comment 126,C
128,98.56724859399166,2026-02-01T09:00:22.792114,70,,C
129,0.34882045908253234,2026-02-01T08:00:22.792116,39,Comment 128,A
130,35.74380796692779,2026-02-01T07:00:22.792117,56,Comment 129,A
131,27.013666045933565,2026-02-01T06:00:22.792118,63,Comment 130,A
132,12.558366913791225,2026-02-01T05:00:22.792119,46,,B
133,6.3840195772823405,2026-02-01T04:00:22.792120,88,Comment 132,B
134,20.595428993121622,2026-02-01T03:00:22.792121,11,,A
135,143.15605613455747,2026-02-01T02:00:22.792122,62,Comment 134,
136,19.51919014407372,2026-02-01T01:00:22.792124,77,Comment 135,B
137,36.5726402880076,2026-02-01T00:00:22.792125,98,Comment 136,A
138,60.70434884404274,2026-01-31T23:00:22.792126,25,Comment 137,B
139,22.598724948348117,2026-01-31T22:00:22.792127,71,Comment 138,B
140,178.38990691458497,2026-01-31T21:00:22.792128,52,Comment 139,A
141,164.1004932270699,2026-01-31T20:00:22.792129,4,Comment 140,A
142,14.503064749610264,2026-01-31T19:00:22.792131,59,Comment 141,C
143,34.382963923192364,2026-01-31T18:00:22.792132,72,Comment 142,B
144,17.89652300395234,2026-01-31T17:00:22.792133,20,Comment 143,B
145,16.762483819054086,2026-01-31T16:00:22.792134,93,Comment 144,B
146,1.8792238882761265,2026-01-31T15:00:22.792135,63,Comment 145,A
147,47.02460354912966,2026-01-31T14:00:22.792136,54,Comment 146,A
148,34.925981641481926,2026-01-31T13:00:22.792137,74,,B
149,2.642554369019624,2026-01-31T12:00:22.792138,98,Comment 148,A
150,16.331296050518468,2026-01-31T11:00:22.792140,57,,A
151,119.44304755446701,2026-01-31T10:00:22.792141,90,Comment 150,C
152,13.693027607103852,2026-01-31T09:00:22.792142,41,Comment 151,
153,7.8265430492734875,2026-01-31T08:00:22.792148,3,Comment 152,C
154,33.613605473681815,2026-01-31T07:00:22.792149,6,Comment 153,C
155,212.20184913076298,2026-01-31T06:00:22.792150,5,Comment 154,A
156,13.85724067798631,2026-01-31T05:00:22.792151,5,Comment 155,
157,55.75775051486467,2026-01-31T04:00:22.792152,54,Comment 156,A
158,71.69438131197315,2026-01-31T03:00:22.792153,47,,
159,13.566658616790289,2026-01-31T02:00:22.792154,87,Comment 158,
160,65.1374464246158,2026-01-31T01:00:22.792155,49,,C
161,22.9261399632152,2026-01-31T00:00:22.792157,9,Comment 160,
162,50.02518738658856,2026-01-30T23:00:22.792158,99,Comment 161,B
163,50.19189135688191,2026-01-30T22:00:22.792159,20,Comment 162,A
164,38.36926249761744,2026-01-30T21:00:22.792160,61,,B
165,4.7314579405810475,2026-01-30T20:00:22.792161,35,,B
166,90.18223971231485,2026-01-30T19:00:22.792162,50,Comment 165,A
167,19.34051468336983,2026-01-30T18:00:22.792163,82,,B
168,10.321605330377826,2026-01-30T17:00:22.792165,62,,
169,2.0814879897172602,2026-01-30T16:00:22.792166,17,,A
170,44.68892022972917,2026-01-30T15:00:22.792167,88,Comment 169,C
171,56.592586713367446,2026-01-30T14:00:22.792168,3,Comment 170,C
172,0.836347377923531,2026-01-30T13:00:22.792169,32,Comment 171,C
173,35.88152922747442,2026-01-30T12:00:22.792170,99,,
174,12.841207352747883,2026-01-30T11:00:22.792172,13,Comment 173,B
175,51.806217077384595,2026-01-30T10:00:22.792173,89,Comment 174,
176,9.580211126956687,2026-01-30T09:00:22.792174,73,Comment 175,C
177,58.71062637838595,2026-01-30T08:00:22.792175,68,,A
178,24.44793504905509,2026-01-30T07:00:22.792176,14,,B
179,138.01719089021535,2026-01-30T06:00:22.792177,98,,C
180,7.3972206719639475,2026-01-30T05:00:22.792179,11,Comment 179,A
181,20.856621699758588,2026-01-30T04:00:22.792180,56,Comment 180,B
182,6.022214251849821,2026-01-30T03:00:22.792181,67,,B
183,129.30951985753617,2026-01-30T02:00:22.792182,92,,A
184,104.9166853580497,2026-01-30T01:00:22.792183,29,,B
185,14.916368503074445,2026-01-30T00:00:22.792184,9,Comment 184,C
186,53.93813695219573,2026-01-29T23:00:22.792185,67,,B
187,84.97420363196106,2026-01-29T22:00:22.792187,25,Comment 186,A
188,40.506618034325406,2026-01-29T21:00:22.792188,98,Comment 187,A
189,37.713970509697305,2026-01-29T20:00:22.792189,76,Comment 188,A
190,13.843852271895157,2026-01-29T19:00:22.792190,42,,C
191,4.886307023747037,2026-01-29T18:00:22.792191,9,,A
192,113.75616125972614,2026-01-29T17:00:22.792192,79,Comment 191,B
193,115.33872138242134,2026-01-29T16:00:22.792193,40,Comment 192,A
194,50.13349597414424,2026-01-29T15:00:22.792195,25,Comment 193,A
195,20.702325490566196,2026-01-29T14:00:22.792196,5,Comment 194,C
196,777.3435123941836,2026-01-29T13:00:22.792197,11,,C
197,64.7232714863559,2026-01-29T12:00:22.792198,59,Comment 196,A
198,113.70486745536262,2026-01-29T11:00:22.792199,98,Comment 197,B
199,109.05662846983066,2026-01-29T10:00:22.792200,88,,A
200,75.67810959654516,2026-01-29T09:00:22.792201,79,Comment 199,B
201,51.36553467838525,2026-01-29T08:00:22.792202,38,Comment 200,B
202,4.394586309804203,2026-01-29T07:00:22.792204,72,Comment 201,A
203,8.814710734170575,2026-01-29T06:00:22.792205,5,Comment 202,A
204,114.41152500887529,2026-01-29T05:00:22.792206,48,Comment 203,A
205,46.624697348279476,2026-01-29T04:00:22.792207,90,Comment 204,C
206,0.46198028054972046,2026-01-29T03:00:22.792208,18,,
207,821.9782897238067,2026-01-29T02:00:22.792209,70,Comment 206,A
208,54.45811936451205,2026-01-29T01:00:22.792210,37,Comment 207,C
209,0.25372185258985014,2026-01-29T00:00:22.792212,60,,A
210,8.765790805209953,2026-01-28T23:00:22.792213,48,Comment 209,A
211,39.78489230694658,2026-01-28T22:00:22.792214,77,Comment 210,C
212,58.86576433274063,2026-01-28T21:00:22.792215,28,Comment 211,C
213,52.77207410676243,2026-01-28T20:00:22.792220,69,Comment 212,
214,12.697493365401225,2026-01-28T19:00:22.792221,77,Comment 213,B
215,62.27086444492694,2026-01-28T18:00:22.792222,81,,A
216,13.541187952640296,2026-01-28T17:00:22.792223,40,,C
217,19.681745445904223,2026-01-28T16:00:22.792224,45,,A
218,68.61787758328953,2026-01-28T15:00:22.792226,96,Comment 217,B
219,52.43869071513841,2026-01-28T14:00:22.792227,62,Comment 218,A
220,94.59780387317005,2026-01-28T13:00:22.792228,93,,B
221,53.590664408488124,2026-01-28T12:00:22.792229,58,Comment 220,A
222,42.00221527936287,2026-01-28T11:00:22.792230,67,Comment 221,A
223,4.917853072420524,2026-01-28T10:00:22.792231,56,Comment 222,C
224,22.920815360351003,2026-01-28T09:00:22.792232,40,Comment 223,A
225,15.408007392941558,2026-01-28T08:00:22.792234,98,,B
226,13.985010183121064,2026-01-28T07:00:22.792235,40,Comment 225,A
227,180.61547030814629,2026-01-28T06:00:22.792236,91,Comment 226,A
228,24.969374852001188,2026-01-28T05:00:22.792237,77,Comment 227,A
229,111.30276056242614,2026-01-28T04:00:22.792238,33,Comment 228,A
230,49.86671928682416,2026-01-28T03:00:22.792239,6,Comment 229,C
231,79.19126263441999,2026-01-28T02:00:22.792240,88,Comment 230,A
232,34.921766219438524,2026-01-28T01:00:22.792241,19,,
233,43.00779513207925,2026-01-28T00:00:22.792243,80,Comment 232,B
234,33.914671667084676,2026-01-27T23:00:22.792244,40,Comment 233,B
235,10.860744766261925,2026-01-27T22:00:22.792245,92,Comment 234,B
236,64.0880901532902,2026-01-27T21:00:22.792246,97,,B
237,16.478868418313148,2026-01-27T20:00:22.792247,59,,C
238,1.2308240540344306,2026-01-27T19:00:22.792248,59,,A
239,51.848439314763695,2026-01-27T18:00:22.792250,48,Comment 238,A
240,9.746678511241134,2026-01-27T17:00:22.792251,41,Comment 239,C
241,141.05415736366515,2026-01-27T16:00:22.792252,13,,C
242,153.87812063940117,2026-01-27T15:00:22.792253,45,Comment 241,C
243,123.17549423169207,2026-01-27T14:00:22.792254,89,Comment 242,B
244,23.114369824868337,2026-01-27T13:00:22.792255,53,Comment 243,C
245,0.7788657685972191,2026-01-27T12:00:22.792256,42,Comment 244,B
246,131.7761728665945,2026-01-27T11:00:22.792257,63,Comment 245,B
247,27.946913852653065,2026-01-27T10:00:22.792259,27,Comment 246,A
248,170.0421008061028,2026-01-27T09:00:22.792264,38,,B
249,165.68677380651027,2026-01-27T08:00:22.792266,60,Comment 248,A
250,95.86935085897095,2026-01-27T07:00:22.792267,7,Comment 249,A
251,17.438803408608013,2026-01-27T06:00:22.792268,5,Comment 250,C
252,24.31459660493468,2026-01-27T05:00:22.792269,45,Comment 251,A
253,95.23633262390399,2026-01-27T04:00:22.792270,58,Comment 252,A
254,19.057311571535855,2026-01-27T03:00:22.792271,31,,A
255,9.28593081478774,2026-01-27T02:00:22.792272,23,Comment 254,C
256,40.68684960301139,2026-01-27T01:00:22.792273,42,,B
257,137.5646735403521,2026-01-27T00:00:22.792275,10,,B
258,59.541279887896856,2026-01-26T23:00:22.792276,32,Comment 257,C
259,42.205616821782776,2026-01-26T22:00:22.792277,53,Comment 258,C
260,5.111409867466144,2026-01-26T21:00:22.792278,30,,A
261,47.726535775885885,2026-01-26T20:00:22.792279,39,Comment 260,B
262,230.52848739231587,2026-01-26T19:00:22.792281,31,Comment 261,C
263,7.546029332113208,2026-01-26T18:00:22.792282,82,,B
264,36.524766249075185,2026-01-26T17:00:22.792283,2,Comment 263,A
265,104.93043189503972,2026-01-26T16:00:22.792284,78,Comment 264,C
266,67.5017124176835,2026-01-26T15:00:22.792285,77,Comment 265,B
267,59.70372126508365,2026-01-26T14:00:22.792286,93,,A
268,60.61437781122449,2026-01-26T13:00:22.792288,12,Comment 267,B
269,22.274617115747457,2026-01-26T12:00:22.792289,39,Comment 268,A
270,17.37810421335476,2026-01-26T11:00:22.792290,66,Comment 269,A
271,82.86872536298561,2026-01-26T10:00:22.792291,96,,C
272,83.06640995435144,2026-01-26T09:00:22.792292,13,Comment 271,A
273,100.89750236839575,2026-01-26T08:00:22.792293,46,,B
274,122.23079809183182,2026-01-26T07:00:22.792295,27,Comment 273,B
275,35.80466184664519,2026-01-26T06:00:22.792296,17,,A
276,34.809218877559964,2026-01-26T05:00:22.792297,95,Comment 275,
277,80.04749661542438,2026-01-26T04:00:22.792298,98,Comment 276,A
278,52.48595374439001,2026-01-26T03:00:22.792299,60,Comment 277,A
279,60.52753242557585,2026-01-26T02:00:22.792300,64,,A
280,79.43097374771024,2026-01-26T01:00:22.792301,88,Comment 279,A
281,110.36617381733835,2026-01-26T00:00:22.792303,35,Comment 280,A
282,20.62412035688271,2026-01-25T23:00:22.792304,70,Comment 281,C
283,23.546839436377816,2026-01-25T22:00:22.792305,83,Comment 282,
284,4.934801959368028,2026-01-25T21:00:22.792306,30,Comment 283,A
285,43.170701330471736,2026-01-25T20:00:22.792307,71,Comment 284,B
286,1.83020521054285,2026-01-25T19:00:22.792308,74,Comment 285,C
287,31.33034740910548,2026-01-25T18:00:22.792310,96,Comment 286,C
288,39.1147292843563,2026-01-25T17:00:22.792311,98,Comment 287,B
289,16.881533015726124,2026-01-25T16:00:22.792312,63,Comment 288,A
290,44.68162650730876,2026-01-25T15:00:22.792313,28,Comment 289,A
291,1.5487531050737273,2026-01-25T14:00:22.792314,60,,C
292,1.903174964139469,2026-01-25T13:00:22.792315,79,Comment 291,C
293,86.46756847690679,2026-01-25T12:00:22.792316,94,Comment 292,A
294,22.329251210387234,2026-01-25T11:00:22.792318,37,Comment 293,A
295,6.7944520648713995,2026-01-25T10:00:22.792319,93,,C
296,36.93267941395078,2026-01-25T09:00:22.792320,22,Comment 295,C
297,799.7305698293583,2026-01-25T08:00:22.792321,68,Comment 296,
298,12.155900171495167,2026-01-25T07:00:22.792322,20,Comment 297,C
299,48.760980932824644,2026-01-25T06:00:22.792323,96,,A
300,4.460551449494864,2026-01-25T05:00:22.792325,68,Comment 299,B
301,2.6532547955154704,2026-01-25T04:00:22.792326,91,Comment 300,B
302,37.89544703127605,2026-01-25T03:00:22.792327,64,Comment 301,A
303,38.89552213473711,2026-01-25T02:00:22.792328,17,Comment 302,B
304,50.7268724102308,2026-01-25T01:00:22.792329,12,Comment 303,C
305,64.74802814583421,2026-01-25T00:00:22.792330,22,Comment 304,A
306,186.17785043499964,2026-01-24T23:00:22.792331,17,,C
307,36.31455596151781,2026-01-24T22:00:22.792333,10,Comment 306,B
308,19.50098570529894,2026-01-24T21:00:22.792338,65,Comment 307,
309,79.28269898663432,2026-01-24T20:00:22.792339,22,,A
310,527.2827041413494,2026-01-24T19:00:22.792340,90,,A
311,28.899171563665067,2026-01-24T18:00:22.792341,82,Comment 310,B
312,4.085258429183495,2026-01-24T17:00:22.792343,50,Comment 311,A
313,1.2838804770737189,2026-01-24T16:00:22.792344,14,Comment 312,C
314,164.3689961634301,2026-01-24T15:00:22.792345,64,Comment 313,C
315,90.38838210575312,2026-01-24T14:00:22.792346,47,Comment 314,A
316,59.53213663996708,2026-01-24T13:00:22.792347,29,Comment 315,B
317,26.292982223257095,2026-01-24T12:00:22.792348,76,,B
318,9.515326807105437,2026-01-24T11:00:22.792349,36,Comment 317,A
319,8.506037078642708,2026-01-24T10:00:22.792350,99,Comment 318,C
320,14.40029945632918,2026-01-24T09:00:22.792352,52,,C
321,39.83953241566573,2026-01-24T08:00:22.792353,76,,B
322,62.692464388838786,2026-01-24T07:00:22.792354,7,Comment 321,C
323,53.969517484839926,2026-01-24T06:00:22.792355,29,Comment 322,B
324,16.420613069449796,2026-01-24T05:00:22.792356,11,Comment 323,C
325,154.90517492781532,2026-01-24T04:00:22.792357,33,Comment 324,B
326,66.95087024376132,2026-01-24T03:00:22.792359,6,Comment 325,C
327,40.411524096566566,2026-01-24T02:00:22.792360,79,Comment 326,C
328,47.30152360187175,2026-01-24T01:00:22.792361,32,Comment 327,A
329,27.20189327660257,2026-01-24T00:00:22.792362,51,Comment 328,C
330,913.1704054750934,2026-01-23T23:00:22.792363,75,,A
331,22.00070646615562,2026-01-23T22:00:22.792364,58,Comment 330,A
332,70.90909238783566,2026-01-23T21:00:22.792366,87,Comment 331,A
333,0.7249039860402138,2026-01-23T20:00:22.792367,26,Comment 332,
334,6.169019611998802,2026-01-23T19:00:22.792368,98,Comment 333,C
335,2.3547188476260263,2026-01-23T18:00:22.792369,46,Comment 334,C
336,691.6076829736259,2026-01-23T17:00:22.792370,98,,C
337,96.71015168078293,2026-01-23T16:00:22.792371,29,Comment 336,B
338,60.812030585034414,2026-01-23T15:00:22.792372,4,Comment 337,C
339,32.13922972064462,2026-01-23T14:00:22.792374,81,,B
340,951.2016380553374,2026-01-23T13:00:22.792375,99,,A
341,33.82589828986166,2026-01-23T12:00:22.792376,13,Comment 340,A
342,32.07251660471856,2026-01-23T11:00:22.792377,39,,C
343,9.509735640011248,2026-01-23T10:00:22.792378,15,Comment 342,C
344,28.444956565116193,2026-01-23T09:00:22.792379,29,,A
345,25.416830729160345,2026-01-23T08:00:22.792381,29,Comment 344,A
346,47.836121645656725,2026-01-23T07:00:22.792382,75,,C
347,50.405726802045606,2026-01-23T06:00:22.792383,32,Comment 346,A
348,2.3181162010267364,2026-01-23T05:00:22.792384,2,Comment 347,C
349,23.469200232753078,2026-01-23T04:00:22.792385,47,Comment 348,
350,49.15624973913643,2026-01-23T03:00:22.792386,78,,B
351,34.97197263038949,2026-01-23T02:00:22.792388,84,Comment 350,A
352,97.06747265877193,2026-01-23T01:00:22.792393,22,Comment 351,C
353,53.74873820274989,2026-01-23T00:00:22.792394,75,Comment 352,C
354,8.892643438365367,2026-01-22T23:00:22.792396,27,,B
355,3.659121812812042,2026-01-22T22:00:22.792397,67,,
356,51.41970735544456,2026-01-22T21:00:22.792398,81,Comment 355,A
357,1.3434536333697213,2026-01-22T20:00:22.792399,56,Comment 356,B
358,44.067368890364534,2026-01-22T19:00:22.792400,92,Comment 357,C
359,140.8627727693576,2026-01-22T18:00:22.792401,93,Comment 358,C
360,42.83912227887722,2026-01-22T17:00:22.792402,21,Comment 359,A
361,24.56503461119536,2026-01-22T16:00:22.792404,47,,C
362,51.541357892249096,2026-01-22T15:00:22.792405,80,Comment 361,B
363,30.647798702554564,2026-01-22T14:00:22.792406,59,,A
364,39.44071802881601,2026-01-22T13:00:22.792407,84,Comment 363,A
365,141.90635731164997,2026-01-22T12:00:22.792408,6,Comment 364,C
366,24.396376367509358,2026-01-22T11:00:22.792409,19,Comment 365,A
367,162.4545930753377,2026-01-22T10:00:22.792410,57,,A
368,117.87880918849596,2026-01-22T09:00:22.792412,69,,A
369,10.8948130470225,2026-01-22T08:00:22.792413,3,,C
370,3.594207765157851,2026-01-22T07:00:22.792414,1,,B
371,5.311266774081511,2026-01-22T06:00:22.792415,58,,C
372,0.9194943923616852,2026-01-22T05:00:22.792416,38,Comment 371,A
373,4.960250582787707,2026-01-22T04:00:22.792417,15,,B
374,57.44374362885836,2026-01-22T03:00:22.792419,34,,B
375,3.692481347321351,2026-01-22T02:00:22.792420,61,Comment 374,C
376,19.207859414743425,2026-01-22T01:00:22.792421,35,Comment 375,C
377,93.17630200486386,2026-01-22T00:00:22.792422,64,Comment 376,A
378,1.1773501590355755,2026-01-21T23:00:22.792423,25,,B
379,84.22652530929793,2026-01-21T22:00:22.792424,24,Comment 378,A
380,16.554173341981475,2026-01-21T21:00:22.792425,12,,B
381,6.287505991455382,2026-01-21T20:00:22.792427,18,,A
382,59.65777042199567,2026-01-21T19:00:22.792428,15,Comment 381,A
383,49.56995882166101,2026-01-21T18:00:22.792429,80,,A
384,104.97079070434734,2026-01-21T17:00:22.792430,27,Comment 383,B
385,66.41467893822002,2026-01-21T16:00:22.792431,72,Comment 384,A
386,81.34979029969891,2026-01-21T15:00:22.792432,60,Comment 385,C
387,16.56669311533693,2026-01-21T14:00:22.792433,46,Comment 386,B
388,9.766664802022348,2026-01-21T13:00:22.792435,89,,A
389,69.43781980027124,2026-01-21T12:00:22.792440,17,Comment 388,C
390,82.21045916217098,2026-01-21T11:00:22.792441,93,Comment 389,A
391,232.85024450701152,2026-01-21T10:00:22.792442,53,Comment 390,B
392,26.60396770763025,2026-01-21T09:00:22.792443,8,Comment 391,B
393,23.262195598086635,2026-01-21T08:00:22.792445,79,,A
394,74.89772516717935,2026-01-21T07:00:22.792446,27,Comment 393,A
395,20.836683546537657,2026-01-21T06:00:22.792447,46,,A
396,133.5068962199663,2026-01-21T05:00:22.792448,50,Comment 395,C
397,97.74195785831246,2026-01-21T04:00:22.792449,71,Comment 396,B
398,28.017780472107983,2026-01-21T03:00:22.792450,3,,B
399,69.48923582477306,2026-01-21T02:00:22.792452,93,Comment 398,B
400,70.23164934275086,2026-01-21T01:00:22.792453,64,,A
401,5.441875940335901,2026-01-21T00:00:22.792454,44,Comment 400,B
402,116.4222840433816,2026-01-20T23:00:22.792455,53,Comment 401,C
403,35.18537448783772,2026-01-20T22:00:22.792456,24,Comment 402,A
404,87.5666278761665,2026-01-20T21:00:22.792457,60,Comment 403,A
405,19.286771308225415,2026-01-20T20:00:22.792459,3,Comment 404,A
406,112.93952572729631,2026-01-20T19:00:22.792460,20,,B
407,24.64942270300856,2026-01-20T18:00:22.792461,46,,
408,0.5448403307587739,2026-01-20T17:00:22.792462,15,,A
409,524.1813555243905,2026-01-20T16:00:22.792463,25,,B
410,4.786280527423763,2026-01-20T15:00:22.792464,94,Comment 409,A
411,19.232681669251946,2026-01-20T14:00:22.792466,78,Comment 410,
412,149.84861915941428,2026-01-20T13:00:22.792467,71,Comment 411,A
413,150.39747700519948,2026-01-20T12:00:22.792468,17,,B
414,42.59986455276319,2026-01-20T11:00:22.792469,84,Comment 413,C
415,49.96150401952623,2026-01-20T10:00:22.792470,9,Comment 414,C
416,29.75073318114288,2026-01-20T09:00:22.792471,38,,B
417,17.35113893730985,2026-01-20T08:00:22.792472,48,Comment 416,A
418,19.924316727519486,2026-01-20T07:00:22.792474,60,Comment 417,A
419,55.816178996425315,2026-01-20T06:00:22.792475,63,,A
420,69.79189368315386,2026-01-20T05:00:22.792476,86,Comment 419,A
421,78.40977081105743,2026-01-20T04:00:22.792477,2,Comment 420,B
422,77.94155159243708,2026-01-20T03:00:22.792478,88,,A
423,4.7818473270159725,2026-01-20T02:00:22.792479,72,Comment 422,A
424,34.102479828667796,2026-01-20T01:00:22.792480,11,Comment 423,B
425,2.9640853224368895,2026-01-20T00:00:22.792482,64,Comment 424,
426,39.87306578476964,2026-01-19T23:00:22.792483,77,Comment 425,B
427,29.127763749364178,2026-01-19T22:00:22.792484,81,Comment 426,A
428,109.33093321104006,2026-01-19T21:00:22.792485,72,Comment 427,A
429,21.609580973394255,2026-01-19T20:00:22.792486,21,Comment 428,
430,6.225298877622543,2026-01-19T19:00:22.792487,18,,A
431,7.715382727105968,2026-01-19T18:00:22.792488,94,Comment 430,A
432,71.67152735395469,2026-01-19T17:00:22.792490,64,Comment 431,B
433,48.14528398740175,2026-01-19T16:00:22.792491,82,Comment 432,B
434,5.330435612269272,2026-01-19T15:00:22.792492,95,,B
435,4.392776083430254,2026-01-19T14:00:22.792493,38,Comment 434,A
436,60.36042358265499,2026-01-19T13:00:22.792494,32,,A
437,3.777304476289857,2026-01-19T12:00:22.792495,11,,
438,86.25929269042906,2026-01-19T11:00:22.792496,45,,A
439,61.24998765650025,2026-01-19T10:00:22.792498,89,Comment 438,B
440,4.242437529015604,2026-01-19T09:00:22.792499,33,Comment 439,C
441,4.432693388890335,2026-01-19T08:00:22.792500,41,Comment 440,B
442,215.77292810290461,2026-01-19T07:00:22.792501,8,,A
443,23.441879127614477,2026-01-19T06:00:22.792502,11,Comment 442,A
444,23.152763023765623,2026-01-19T05:00:22.792503,86,Comment 443,B
445,83.77877016413386,2026-01-19T04:00:22.792504,51,Comment 444,C
446,147.10822689816217,2026-01-19T03:00:22.792506,88,,C
447,213.4386969800992,2026-01-19T02:00:22.792507,41,Comment 446,A
448,69.99496150581709,2026-01-19T01:00:22.792508,17,Comment 447,A
449,23.601049980956283,2026-01-19T00:00:22.792509,76,Comment 448,C
450,4.359699684897863,2026-01-18T23:00:22.792510,46,,C
451,75.06212702273129,2026-01-18T22:00:22.792511,32,,C
452,40.86802037807465,2026-01-18T21:00:22.792514,79,Comment 451,A
453,27.601656265248685,2026-01-18T20:00:22.792515,80,Comment 452,B
454,118.41188377390452,2026-01-18T19:00:22.792516,54,Comment 453,C
455,5.894010398594012,2026-01-18T18:00:22.792517,86,Comment 454,B
456,33.92525546864771,2026-01-18T17:00:22.792518,92,,B
457,0.5709294716270834,2026-01-18T16:00:22.792520,20,Comment 456,A
458,31.617718479146312,2026-01-18T15:00:22.792521,33,Comment 457,B
459,2.8975215532962886,2026-01-18T14:00:22.792522,74,Comment 458,A
460,6.324549796558561,2026-01-18T13:00:22.792523,40,Comment 459,B
461,6.251311600372814,2026-01-18T12:00:22.792524,32,Comment 460,
462,52.37841932034858,2026-01-18T11:00:22.792525,97,,A
463,68.52988587982364,2026-01-18T10:00:22.792526,2,Comment 462,C
464,43.77768886014343,2026-01-18T09:00:22.792528,97,,A
465,163.73601045511884,2026-01-18T08:00:22.792529,33,Comment 464,B
466,23.48982889601336,2026-01-18T07:00:22.792530,77,Comment 465,
467,16.823457871027937,2026-01-18T06:00:22.792531,30,Comment 466,A
468,101.47512690851148,2026-01-18T05:00:22.792532,33,Comment 467,A
469,12.654103386592668,2026-01-18T04:00:22.792533,77,Comment 468,B
470,165.14350531259555,2026-01-18T03:00:22.792534,26,Comment 469,A
471,0.6114472179484653,2026-01-18T02:00:22.792536,22,Comment 470,C
472,175.12634614397408,2026-01-18T01:00:22.792537,66,,C
473,2.2059499309250947,2026-01-18T00:00:22.792538,38,Comment 472,B
474,110.88606145800044,2026-01-17T23:00:22.792539,90,Comment 473,A
475,37.50716251746952,2026-01-17T22:00:22.792540,46,Comment 474,B
476,247.84143039630163,2026-01-17T21:00:22.792541,15,Comment 475,C
477,3.833068797722747,2026-01-17T20:00:22.792543,98,Comment 476,A
478,40.35548318666744,2026-01-17T19:00:22.792544,44,,B
479,174.17876106280025,2026-01-17T18:00:22.792545,49,Comment 478,B
480,37.0221966590522,2026-01-17T17:00:22.792546,75,,B
481,49.63141451905937,2026-01-17T16:00:22.792547,61,,A
482,59.49506190583871,2026-01-17T15:00:22.792548,67,,C
483,30.306387783847544,2026-01-17T14:00:22.792549,6,Comment 482,A
484,49.383708650401104,2026-01-17T13:00:22.792551,9,Comment 483,A
485,43.89129309028778,2026-01-17T12:00:22.792552,6,,C
486,115.71163847413237,2026-01-17T11:00:22.792553,73,Comment 485,C
487,2.3255730871740488,2026-01-17T10:00:22.792554,95,Comment 486,A
488,16.49213629493792,2026-01-17T09:00:22.792555,32,,A
489,150.19980029304656,2026-01-17T08:00:22.792556,41,Comment 488,A
490,110.4837914226743,2026-01-17T07:00:22.792557,76,Comment 489,A
491,30.408763097981,2026-01-17T06:00:22.792559,8,Comment 490,A
492,48.396651436948865,2026-01-17T05:00:22.792560,72,Comment 491,A
493,16.243670994756506,2026-01-17T04:00:22.792561,50,Comment 492,B
494,10.420208071803225,2026-01-17T03:00:22.792562,92,Comment 493,C
495,31.152929940204938,2026-01-17T02:00:22.792563,62,Comment 494,B
496,21.797676730836667,2026-01-17T01:00:22.792564,84,Comment 495,B
497,43.81218530033215,2026-01-17T00:00:22.792566,62,,A
498,4.04611422165924,2026-01-16T23:00:22.792567,7,Comment 497,
499,183.24800612612836,2026-01-16T22:00:22.792568,75,Comment 498,C
500,214.19327877762692,2026-01-16T21:00:22.792569,84,,C
501,59.893194095639466,2026-01-16T20:00:22.792570,80,,C
502,38.403921720604494,2026-01-16T19:00:22.792572,4,Comment 501,C
503,18.518965077718,2026-01-16T18:00:22.792573,6,Comment 502,B
504,84.04535837439984,2026-01-16T17:00:22.792574,58,Comment 503,A
505,57.716479182440786,2026-01-16T16:00:22.792575,22,Comment 504,B
506,8.873682705024418,2026-01-16T15:00:22.792576,26,,C
507,120.91505459995638,2026-01-16T14:00:22.792577,3,Comment 506,C
508,86.44972556836356,2026-01-16T13:00:22.792578,41,,B
509,149.5869262516718,2026-01-16T12:00:22.792580,60,Comment 508,A
510,64.68020020980671,2026-01-16T11:00:22.792581,14,Comment 509,A
511,47.52020097956864,2026-01-16T10:00:22.792582,75,Comment 510,C
512,27.085125329655668,2026-01-16T09:00:22.792583,82,Comment 511,B
513,134.9509180773559,2026-01-16T08:00:22.792584,12,Comment 512,B
514,100.519619002346,2026-01-16T07:00:22.792585,87,Comment 513,A
515,2.3136469326561393,2026-01-16T06:00:22.792586,12,Comment 514,A
516,1.3360408433255682,2026-01-16T05:00:22.792587,13,Comment 515,C
517,23.617388079163142,2026-01-16T04:00:22.792589,25,Comment 516,B
518,83.18238614980432,2026-01-16T03:00:22.792590,45,Comment 517,C
519,218.2137734110084,2026-01-16T02:00:22.792591,19,Comment 518,B
520,8.150475496723985,2026-01-16T01:00:22.792592,55,Comment 519,B
521,45.08620651078679,2026-01-16T00:00:22.792593,45,,A
522,23.973684987904807,2026-01-15T23:00:22.792594,8,Comment 521,C
523,175.18542771879814,2026-01-15T22:00:22.792596,93,Comment 522,B
524,92.29566037168173,2026-01-15T21:00:22.792597,53,,B
525,91.10950232349286,2026-01-15T20:00:22.792598,55,,B
526,31.620778556988675,2026-01-15T19:00:22.792599,32,,C
527,26.79174681636745,2026-01-15T18:00:22.792600,51,Comment 526,A
528,15.96944460750306,2026-01-15T17:00:22.792601,44,Comment 527,C
529,2.901348192241811,2026-01-15T16:00:22.792603,82,Comment 528,A
530,100.02130700016552,2026-01-15T15:00:22.792604,70,Comment 529,B
531,83.80587196249614,2026-01-15T14:00:22.792605,18,Comment 530,A
532,408.6222798909041,2026-01-15T13:00:22.792606,83,Comment 531,A
533,284.74367003721665,2026-01-15T12:00:22.792607,22,Comment 532,B
534,40.5325796320697,2026-01-15T11:00:22.792608,37,Comment 533,A
535,73.26415451031303,2026-01-15T10:00:22.792609,96,Comment 534,B
536,144.8085841437218,2026-01-15T09:00:22.792611,56,Comment 535,C
537,94.73860073546228,2026-01-15T08:00:22.792612,59,,A
538,14.207622229057327,2026-01-15T07:00:22.792613,3,Comment 537,C
539,29.941341369993225,2026-01-15T06:00:22.792614,28,Comment 538,B
540,6.914817215654432,2026-01-15T05:00:22.792615,74,Comment 539,B
541,154.01118932208544,2026-01-15T04:00:22.792616,35,,A
542,640.1673762757063,2026-01-15T03:00:22.792617,61,,A
543,12.980186270924184,2026-01-15T02:00:22.792618,93,Comment 542,A
544,55.69147695866251,2026-01-15T01:00:22.792620,54,,A
545,48.133521737153586,2026-01-15T00:00:22.792621,63,Comment 544,A
546,22.171023114855302,2026-01-14T23:00:22.792622,79,,B
547,6.026956069923464,2026-01-14T22:00:22.792623,97,Comment 546,C
548,55.67206417595511,2026-01-14T21:00:22.792624,7,Comment 547,C
549,36.730521209301884,2026-01-14T20:00:22.792626,76,Comment 548,B
550,73.99035404802575,2026-01-14T19:00:22.792627,49,Comment 549,A
551,36.71549302117575,2026-01-14T18:00:22.792628,94,,A
552,95.5885055654242,2026-01-14T17:00:22.792629,85,,A
553,40.13770595107437,2026-01-14T16:00:22.792630,31,Comment 552,A
554,41.155729049007356,2026-01-14T15:00:22.792631,58,Comment 553,B
555,104.63793216148858,2026-01-14T14:00:22.792633,61,Comment 554,B
556,25.83236569940585,2026-01-14T13:00:22.792634,24,Comment 555,A
557,7.194397769514947,2026-01-14T12:00:22.792635,20,Comment 556,A
558,1.460251071604734,2026-01-14T11:00:22.792636,37,Comment 557,C
559,70.35287263312928,2026-01-14T10:00:22.792637,4,Comment 558,C
560,48.41994835303398,2026-01-14T09:00:22.792638,92,,A
561,60.883267389893824,2026-01-14T08:00:22.792639,20,Comment 560,C
562,11.974074674672174,2026-01-14T07:00:22.792641,60,Comment 561,
563,7.330627561413933,2026-01-14T06:00:22.792642,24,Comment 562,A
564,0.7325738132834391,2026-01-14T05:00:22.792643,50,,A
565,21.584363075753462,2026-01-14T04:00:22.792644,49,Comment 564,B
566,44.56986878324723,2026-01-14T03:00:22.792645,51,Comment 565,C
567,24.899093378057536,2026-01-14T02:00:22.792646,96,Comment 566,C
568,28.76597814142156,2026-01-14T01:00:22.792647,36,Comment 567,A
569,117.25307614907207,2026-01-14T00:00:22.792648,98,Comment 568,A
570,21.405130721255585,2026-01-13T23:00:22.792650,66,Comment 569,B
571,36.076251403616055,2026-01-13T22:00:22.792651,79,,B
572,76.54358688598508,2026-01-13T21:00:22.792652,34,Comment 571,A
573,25.254006564958985,2026-01-13T20:00:22.792653,36,,C
574,48.65452376765427,2026-01-13T19:00:22.792654,6,Comment 573,B
575,99.15703218421534,2026-01-13T18:00:22.792656,39,Comment 574,C
576,149.3095207687334,2026-01-13T17:00:22.792657,42,,C
577,7.954093965741799,2026-01-13T16:00:22.792658,58,Comment 576,C
578,130.58313815210394,2026-01-13T15:00:22.792659,12,,B
579,33.87513904977653,2026-01-13T14:00:22.792660,3,Comment 578,B
580,14.936772717569788,2026-01-13T13:00:22.792661,18,Comment 579,A
581,30.729348368534875,2026-01-13T12:00:22.792662,40,Comment 580,B
582,195.68265487902957,2026-01-13T11:00:22.792664,21,,A
583,33.924564633367986,2026-01-13T10:00:22.792665,15,Comment 582,B
584,19.93080160502499,2026-01-13T09:00:22.792666,97,Comment 583,A
585,50.17431369788298,2026-01-13T08:00:22.792667,99,Comment 584,A
586,13.731423385780147,2026-01-13T07:00:22.792668,26,Comment 585,A
587,3.944765248811752,2026-01-13T06:00:22.792669,8,,A
588,6.898760985620793,2026-01-13T05:00:22.792670,94,Comment 587,C
589,6.850921203350356,2026-01-13T04:00:22.792672,87,,C
590,8.237995077833649,2026-01-13T03:00:22.792673,42,Comment 589,B
591,7.473003303375828,2026-01-13T02:00:22.792674,44,Comment 590,A
592,794.0002317148142,2026-01-13T01:00:22.792675,14,,A
593,10.037317851724081,2026-01-13T00:00:22.792676,78,,A
594,21.206965789740263,2026-01-12T23:00:22.792677,2,,A
595,113.54870625641789,2026-01-12T22:00:22.792679,37,Comment 594,C
596,32.11905708232968,2026-01-12T21:00:22.792680,69,Comment 595,A
597,55.06445418261903,2026-01-12T20:00:22.792681,38,Comment 596,A
598,9.456425855660825,2026-01-12T19:00:22.792682,41,,A
599,10.677549049754752,2026-01-12T18:00:22.792683,62,,A
600,2.086360635878265,2026-01-12T17:00:22.792684,60,Comment 599,B
601,9.252367203279043,2026-01-12T16:00:22.792685,14,,B
602,16.327405931557276,2026-01-12T15:00:22.792687,89,Comment 601,A
603,9.740590874155398,2026-01-12T14:00:22.792688,84,Comment 602,A
604,4.644295393018378,2026-01-12T13:00:22.792689,2,Comment 603,A
605,6.427810674667627,2026-01-12T12:00:22.792690,70,Comment 604,A
606,30.881467168268955,2026-01-12T11:00:22.792691,17,Comment 605,A
607,11.554610317254829,2026-01-12T10:00:22.792692,89,,
608,22.649055775545925,2026-01-12T09:00:22.792693,28,,B
609,35.00025923571652,2026-01-12T08:00:22.792694,66,,B
610,58.62287170062711,2026-01-12T07:00:22.792696,35,Comment 609,B
611,2.0052865050007713,2026-01-12T06:00:22.792697,5,,B
612,80.32471219130598,2026-01-12T05:00:22.792698,65,Comment 611,B
613,49.429684518364816,2026-01-12T04:00:22.792699,40,Comment 612,B
614,4.264771518816713,2026-01-12T03:00:22.792700,76,Comment 613,C
615,103.40673492440453,2026-01-12T02:00:22.792701,56,Comment 614,A
616,566.0898288769358,2026-01-12T01:00:22.792703,36,,B
617,3.15114137800817,2026-01-12T00:00:22.792704,45,Comment 616,B
618,16.20884215643254,2026-01-11T23:00:22.792705,23,Comment 617,C
619,82.04675916133213,2026-01-11T22:00:22.792706,47,,B
620,68.96786201071542,2026-01-11T21:00:22.792707,31,,B
621,10.198981603090024,2026-01-11T20:00:22.792708,11,Comment 620,A
622,11.744951559076663,2026-01-11T19:00:22.792709,10,Comment 621,B
623,23.139255501218486,2026-01-11T18:00:22.792711,67,Comment 622,A
624,33.13312823343072,2026-01-11T17:00:22.792712,14,Comment 623,A
625,48.1500917029276,2026-01-11T16:00:22.792713,80,Comment 624,A
626,23.01562815001756,2026-01-11T15:00:22.792714,74,Comment 625,B
627,31.04455546104588,2026-01-11T14:00:22.792715,93,Comment 626,A
628,68.81144701949212,2026-01-11T13:00:22.792716,10,Comment 627,A
629,1.8686476160739232,2026-01-11T12:00:22.792717,76,Comment 628,C
630,14.546831094119861,2026-01-11T11:00:22.792719,94,Comment 629,A
631,62.474593747801286,2026-01-11T10:00:22.792720,1,Comment 630,B
632,112.78833771653068,2026-01-11T09:00:22.792721,5,Comment 631,B
633,35.838955610420044,2026-01-11T08:00:22.792722,20,Comment 632,A
634,37.97647511765344,2026-01-11T07:00:22.792723,8,Comment 633,C
635,5.668066927033169,2026-01-11T06:00:22.792724,43,Comment 634,A
636,29.657162304177543,2026-01-11T05:00:22.792725,76,Comment 635,B
637,38.0303399527645,2026-01-11T04:00:22.792727,1,Comment 636,B
638,13.884640163032666,2026-01-11T03:00:22.792728,57,,B
639,15.683730593927192,2026-01-11T02:00:22.792729,64,Comment 638,B
640,23.6832492401236,2026-01-11T01:00:22.792730,84,,A
641,907.1933896343807,2026-01-11T00:00:22.792731,28,Comment 640,A
642,19.436238062806787,2026-01-10T23:00:22.792732,37,Comment 641,C
643,11.877846781181493,2026-01-10T22:00:22.792734,47,Comment 642,B
644,543.0660695318402,2026-01-10T21:00:22.792735,76,Comment 643,C
645,6.378155164239063,2026-01-10T20:00:22.792736,37,Comment 644,C
646,110.60399499715123,2026-01-10T19:00:22.792737,49,Comment 645,C
647,45.019940693977986,2026-01-10T18:00:22.792738,44,Comment 646,B
648,56.83164789465158,2026-01-10T17:00:22.792739,56,Comment 647,A
649,77.83545161888956,2026-01-10T16:00:22.792741,28,,C
650,34.50182109244426,2026-01-10T15:00:22.792742,79,,B
651,4.546604725872792,2026-01-10T14:00:22.792743,6,Comment 650,A
652,38.51291816474113,2026-01-10T13:00:22.792744,61,Comment 651,C
653,44.19615289356868,2026-01-10T12:00:22.792745,20,,C
654,68.41083244042046,2026-01-10T11:00:22.792746,78,,B
655,28.251732469149104,2026-01-10T10:00:22.792748,2,,A
656,6.824233336465611,2026-01-10T09:00:22.792749,73,Comment 655,A
657,16.688109013085196,2026-01-10T08:00:22.792751,37,Comment 656,C
658,22.555741273731172,2026-01-10T07:00:22.792752,20,Comment 657,C
659,51.91123058109308,2026-01-10T06:00:22.792753,26,,A
660,42.28908606007098,2026-01-10T05:00:22.792754,29,Comment 659,A
661,22.010337982590308,2026-01-10T04:00:22.792755,1,,C
662,215.3097886084906,2026-01-10T03:00:22.792756,35,,A
663,46.541650423360466,2026-01-10T02:00:22.792758,70,Comment 662,B
664,13.539726437839997,2026-01-10T01:00:22.792759,59,,
665,5.367150231244342,2026-01-10T00:00:22.792760,69,,A
666,8.294414629491294,2026-01-09T23:00:22.792761,33,,B
667,14.115342469757048,2026-01-09T22:00:22.792762,51,,A
668,8.758243747714701,2026-01-09T21:00:22.792763,78,,A
669,10.32458727272902,2026-01-09T20:00:22.792764,12,Comment 668,C
670,16.780292410772326,2026-01-09T19:00:22.792765,20,Comment 669,B
671,9.52012168314435,2026-01-09T18:00:22.792767,53,Comment 670,
672,113.53757246779577,2026-01-09T17:00:22.792768,88,Comment 671,B
673,4.181785629600008,2026-01-09T16:00:22.792769,43,,A
674,37.170617505635136,2026-01-09T15:00:22.792771,98,Comment 673,A
675,26.415277824465118,2026-01-09T14:00:22.792772,89,Comment 674,A
676,201.93210830079602,2026-01-09T13:00:22.792774,50,,A
677,5.941367284870245,2026-01-09T12:00:22.792775,29,Comment 676,A
678,25.36289968712152,2026-01-09T11:00:22.792776,57,,A
679,174.45298320633574,2026-01-09T10:00:22.792777,39,Comment 678,B
680,100.31220309840774,2026-01-09T09:00:22.792778,95,Comment 679,C
681,84.93315170180897,2026-01-09T08:00:22.792779,56,Comment 680,B
682,14.913754176675232,2026-01-09T07:00:22.792780,43,Comment 681,C
683,9.369976639324376,2026-01-09T06:00:22.792782,50,Comment 682,A
684,55.22797993408918,2026-01-09T05:00:22.792783,23,Comment 683,A
685,132.51925474799776,2026-01-09T04:00:22.792784,44,,B
686,40.682521095237114,2026-01-09T03:00:22.792785,38,,B
687,42.386378072929325,2026-01-09T02:00:22.792786,84,Comment 686,A
688,16.423751540532542,2026-01-09T01:00:22.792787,23,Comment 687,C
689,73.37368792060443,2026-01-09T00:00:22.792789,45,Comment 688,C
690,10.353899107303542,2026-01-08T23:00:22.792790,52,Comment 689,B
691,19.554390655961633,2026-01-08T22:00:22.792791,80,Comment 690,A
692,27.707227503491527,2026-01-08T21:00:22.792792,50,Comment 691,C
693,35.42424813223492,2026-01-08T20:00:22.792793,8,Comment 692,B
694,13.88062917848029,2026-01-08T19:00:22.792794,85,Comment 693,C
695,6.099163607206772,2026-01-08T18:00:22.792796,1,Comment 694,C
696,47.159982871467825,2026-01-08T17:00:22.792797,8,Comment 695,C
697,17.02816842182709,2026-01-08T16:00:22.792798,29,,B
698,43.522653414622184,2026-01-08T15:00:22.792799,96,Comment 697,A
699,8.38323763853399,2026-01-08T14:00:22.792800,5,,B
700,32.80606890142638,2026-01-08T13:00:22.792801,86,,B
701,38.02736240645389,2026-01-08T12:00:22.792803,47,,C
702,2.6607325728560665,2026-01-08T11:00:22.792804,34,Comment 701,A
703,20.51918006902116,2026-01-08T10:00:22.792805,65,Comment 702,A
704,7.21746634159658,2026-01-08T09:00:22.792806,55,,C
705,3.2736129386262443,2026-01-08T08:00:22.792807,90,Comment 704,C
706,230.0600655697662,2026-01-08T07:00:22.792808,43,Comment 705,C
707,19.456501125971013,2026-01-08T06:00:22.792810,74,Comment 706,C
708,83.00353068849493,2026-01-08T05:00:22.792811,30,,B
709,14.69444171467007,2026-01-08T04:00:22.792812,82,Comment 708,B
710,57.20706755101757,2026-01-08T03:00:22.792813,17,Comment 709,C
711,71.40331114141043,2026-01-08T02:00:22.792814,26,,B
712,45.27232970845699,2026-01-08T01:00:22.792815,8,,B
713,31.892832202263588,2026-01-08T00:00:22.792816,47,Comment 712,A
714,26.537890675268887,2026-01-07T23:00:22.792817,76,Comment 713,B
715,21.45216508519874,2026-01-07T22:00:22.792819,91,Comment 714,C
716,132.62780241103906,2026-01-07T21:00:22.792820,72,Comment 715,A
717,88.7803535570899,2026-01-07T20:00:22.792821,89,Comment 716,A
718,167.65881947078458,2026-01-07T19:00:22.792822,46,Comment 717,A
719,6.6364270918052775,2026-01-07T18:00:22.792823,68,,A
720,65.62756817302538,2026-01-07T17:00:22.792824,33,Comment 719,A
721,139.30636326306202,2026-01-07T16:00:22.792825,1,Comment 720,B
722,9.997790485039884,2026-01-07T15:00:22.792827,19,Comment 721,C
723,3.4405158736248436,2026-01-07T14:00:22.792828,31,Comment 722,B
724,67.5696576594311,2026-01-07T13:00:22.792829,80,Comment 723,A
725,42.72135720993349,2026-01-07T12:00:22.792830,14,,A
726,92.2038570660739,2026-01-07T11:00:22.792831,53,Comment 725,B
727,7.52791232070963,2026-01-07T10:00:22.792832,48,,A
728,79.3025055515934,2026-01-07T09:00:22.792833,69,Comment 727,C
729,11.258988653351148,2026-01-07T08:00:22.792835,90,,B
730,8.9357599482759,2026-01-07T07:00:22.792836,62,,C
731,8.972232827997535,2026-01-07T06:00:22.792837,92,Comment 730,A
732,84.25516412820043,2026-01-07T05:00:22.792838,66,,B
733,54.710681950798445,2026-01-07T04:00:22.792839,64,Comment 732,A
734,37.018797817302215,2026-01-07T03:00:22.792840,70,Comment 733,C
735,22.22307008390341,2026-01-07T02:00:22.792841,63,,B
736,104.86013336471662,2026-01-07T01:00:22.792843,73,,A
737,24.915637484872246,2026-01-07T00:00:22.792844,33,Comment 736,A
738,84.80413314240349,2026-01-06T23:00:22.792845,41,Comment 737,A
739,28.913744055694018,2026-01-06T22:00:22.792846,89,Comment 738,B
740,23.655978290886857,2026-01-06T21:00:22.792847,48,Comment 739,A
741,31.05805299498013,2026-01-06T20:00:22.792848,13,Comment 740,B
742,17.932263771532103,2026-01-06T19:00:22.792850,73,Comment 741,A
743,68.83886564684697,2026-01-06T18:00:22.792851,77,Comment 742,B
744,34.9301407847798,2026-01-06T17:00:22.792852,31,Comment 743,C
745,13.212126549853261,2026-01-06T16:00:22.792853,75,,C
746,114.91699247752918,2026-01-06T15:00:22.792854,68,Comment 745,C
747,24.216587117935564,2026-01-06T14:00:22.792855,98,Comment 746,A
748,39.21411910888818,2026-01-06T13:00:22.792857,4,Comment 747,A
749,118.47478043548132,2026-01-06T12:00:22.792858,19,Comment 748,B
750,48.93996519286654,2026-01-06T11:00:22.792859,70,Comment 749,A
751,6.215730792888988,2026-01-06T10:00:22.792860,98,Comment 750,B
752,140.53083419661044,2026-01-06T09:00:22.792861,82,Comment 751,A
753,49.40384644674131,2026-01-06T08:00:22.792862,13,Comment 752,A
754,20.39131577756547,2026-01-06T07:00:22.792864,23,Comment 753,A
755,7.498841030821291,2026-01-06T06:00:22.792865,83,Comment 754,C
756,79.00006978401335,2026-01-06T05:00:22.792866,75,Comment 755,A
757,48.38877537814262,2026-01-06T04:00:22.792867,1,Comment 756,B
758,38.12069290245141,2026-01-06T03:00:22.792868,88,Comment 757,A
759,112.16516652682228,2026-01-06T02:00:22.792869,54,Comment 758,B
760,77.6995006848036,2026-01-06T01:00:22.792870,71,Comment 759,A
761,8.224566006317044,2026-01-06T00:00:22.792872,89,,C
762,18.678127569790025,2026-01-05T23:00:22.792873,85,Comment 761,C
763,14.283480927441897,2026-01-05T22:00:22.792874,15,,A
764,68.11840309342058,2026-01-05T21:00:22.792875,65,Comment 763,C
765,1.7053769928918965,2026-01-05T20:00:22.792876,76,Comment 764,
766,42.18567781930715,2026-01-05T19:00:22.792877,71,,C
767,71.87068579298894,2026-01-05T18:00:22.792879,15,,C
768,104.6833672192969,2026-01-05T17:00:22.792880,21,Comment 767,A
769,20.933729677254636,2026-01-05T16:00:22.792881,19,Comment 768,B
770,86.09039817705015,2026-01-05T15:00:22.792882,60,Comment 769,A
771,5.862194254938867,2026-01-05T14:00:22.792883,93,,A
772,93.68719786058438,2026-01-05T13:00:22.792884,89,Comment 771,
773,6.818981526403542,2026-01-05T12:00:22.792885,33,Comment 772,A
774,25.315731560493216,2026-01-05T11:00:22.792887,49,Comment 773,C
775,79.8002681663245,2026-01-05T10:00:22.792888,96,Comment 774,C
776,8.121089496020808,2026-01-05T09:00:22.792889,35,Comment 775,C
777,13.019651122237546,2026-01-05T08:00:22.792890,44,,
778,64.05215488224528,2026-01-05T07:00:22.792891,90,Comment 777,A
779,63.65480859958473,2026-01-05T06:00:22.792892,11,Comment 778,A
780,51.24221043686954,2026-01-05T05:00:22.792893,99,Comment 779,B
781,59.20008545438085,2026-01-05T04:00:22.792894,72,,A
782,39.12345505978191,2026-01-05T03:00:22.792896,78,Comment 781,A
783,14.504184962970495,2026-01-05T02:00:22.792897,74,,A
784,21.20915968966317,2026-01-05T01:00:22.792898,66,Comment 783,C
785,10.020063725826592,2026-01-05T00:00:22.792899,46,Comment 784,B
786,119.54380696618259,2026-01-04T23:00:22.792900,9,Comment 785,A
787,43.780452731829925,2026-01-04T22:00:22.792901,3,,B
788,25.612282973951118,2026-01-04T21:00:22.792902,85,,A
789,30.995375316058166,2026-01-04T20:00:22.792904,26,Comment 788,A
790,147.14118684986056,2026-01-04T19:00:22.792905,72,,C
791,8.323477506425034,2026-01-04T18:00:22.792906,48,,B
792,44.122230455427704,2026-01-04T17:00:22.792907,66,Comment 791,C
793,35.24972203965886,2026-01-04T16:00:22.792908,70,Comment 792,A
794,47.26721590015364,2026-01-04T15:00:22.792909,28,,C
795,0.9138090203248618,2026-01-04T14:00:22.792911,93,Comment 794,B
796,102.83467612703483,2026-01-04T13:00:22.792912,26,,B
797,134.4994268345626,2026-01-04T12:00:22.792913,25,Comment 796,B
798,41.63577319716988,2026-01-04T11:00:22.792914,12,Comment 797,C
799,59.64353702629791,2026-01-04T10:00:22.792915,5,Comment 798,B
800,127.87346789228131,2026-01-04T09:00:22.792916,98,Comment 799,B
801,61.41987266962591,2026-01-04T08:00:22.792917,48,Comment 800,
802,8.275525456206086,2026-01-04T07:00:22.792919,37,Comment 801,C
803,42.93510749262801,2026-01-04T06:00:22.792920,79,,B
804,46.66104285170075,2026-01-04T05:00:22.792921,44,Comment 803,C
805,27.593725196141055,2026-01-04T04:00:22.792922,15,Comment 804,A
806,66.6745151941696,2026-01-04T03:00:22.792923,43,Comment 805,A
807,136.18384428812374,2026-01-04T02:00:22.792924,48,Comment 806,B
808,129.89381065270587,2026-01-04T01:00:22.792925,87,Comment 807,C
809,29.968214815180882,2026-01-04T00:00:22.792927,70,,C
810,6.008935227589209,2026-01-03T23:00:22.792928,46,Comment 809,A
811,209.45869945603533,2026-01-03T22:00:22.792929,43,Comment 810,B
812,91.28590554092214,2026-01-03T21:00:22.792930,21,Comment 811,A
813,6.65729798585317,2026-01-03T20:00:22.792931,23,Comment 812,
814,126.8153970481638,2026-01-03T19:00:22.792932,80,Comment 813,
815,101.97119656134316,2026-01-03T18:00:22.792933,47,Comment 814,B
816,36.57756929843246,2026-01-03T17:00:22.792935,15,,C
817,44.73568934145374,2026-01-03T16:00:22.792936,25,,C
818,25.458242170450678,2026-01-03T15:00:22.792937,36,,B
819,2.8159074621646893,2026-01-03T14:00:22.792938,75,Comment 818,A
820,20.41324431503706,2026-01-03T13:00:22.792939,51,,B
821,81.19039555330893,2026-01-03T12:00:22.792940,15,Comment 820,B
822,0.23213920331714424,2026-01-03T11:00:22.792941,68,Comment 821,B
823,20.285694829508436,2026-01-03T10:00:22.792943,21,Comment 822,A
824,25.38890474273391,2026-01-03T09:00:22.792944,13,Comment 823,C
825,38.54415120619409,2026-01-03T08:00:22.792945,86,,A
826,126.19627380765208,2026-01-03T07:00:22.792946,19,Comment 825,B
827,21.258855544539504,2026-01-03T06:00:22.792947,34,Comment 826,B
828,21.305324297924763,2026-01-03T05:00:22.792948,78,Comment 827,B
829,66.87544758327829,2026-01-03T04:00:22.792950,68,Comment 828,B
830,30.09388867461697,2026-01-03T03:00:22.792951,52,Comment 829,A
831,12.71912368513627,2026-01-03T02:00:22.792952,27,Comment 830,A
832,30.114117528807753,2026-01-03T01:00:22.792953,29,Comment 831,B
833,7.590996096569352,2026-01-03T00:00:22.792954,28,Comment 832,B
834,9.702725160404837,2026-01-02T23:00:22.792955,35,Comment 833,A
835,34.494402140140885,2026-01-02T22:00:22.792956,8,,C
836,27.14381081280035,2026-01-02T21:00:22.792958,16,Comment 835,B
837,123.16463676264064,2026-01-02T20:00:22.792959,36,,B
838,22.501729151986414,2026-01-02T19:00:22.792960,30,Comment 837,C
839,43.4451191892636,2026-01-02T18:00:22.792961,18,Comment 838,A
840,50.0195386258924,2026-01-02T17:00:22.792962,2,,A
841,0.6590472412829613,2026-01-02T16:00:22.792963,49,Comment 840,C
842,54.46340985179945,2026-01-02T15:00:22.792965,77,Comment 841,B
843,9.80293200996241,2026-01-02T14:00:22.792966,4,Comment 842,B
844,162.29991361362133,2026-01-02T13:00:22.792967,90,Comment 843,C
845,8.047345215509004,2026-01-02T12:00:22.792968,89,Comment 844,C
846,26.775055726830345,2026-01-02T11:00:22.792969,94,,
847,4.460671882525157,2026-01-02T10:00:22.792970,75,Comment 846,B
848,288.40408075753794,2026-01-02T09:00:22.792971,7,,B
849,34.877343282911305,2026-01-02T08:00:22.792973,95,Comment 848,B
850,45.24096620444729,2026-01-02T07:00:22.792974,74,,A
851,3.4716025414127083,2026-01-02T06:00:22.792975,39,Comment 850,B
852,69.30681276079996,2026-01-02T05:00:22.792976,13,Comment 851,A
853,11.78014191251316,2026-01-02T04:00:22.792977,31,,C
854,114.16574284058152,2026-01-02T03:00:22.792978,71,Comment 853,B
855,11.479441408041668,2026-01-02T02:00:22.792979,63,Comment 854,B
856,10.578521490440792,2026-01-02T01:00:22.792981,56,Comment 855,A
857,1.8617170928836084,2026-01-02T00:00:22.792982,42,Comment 856,A
858,31.939289664773195,2026-01-01T23:00:22.792983,61,Comment 857,A
859,41.602205183809026,2026-01-01T22:00:22.792984,42,Comment 858,B
860,3.3983470089578236,2026-01-01T21:00:22.792989,56,,A
861,608.1663888154135,2026-01-01T20:00:22.792991,36,,B
862,30.191732514681085,2026-01-01T19:00:22.792992,84,Comment 861,C
863,37.15788272962984,2026-01-01T18:00:22.792993,68,Comment 862,C
864,29.059073589379015,2026-01-01T17:00:22.792994,7,Comment 863,B
865,25.60491006374607,2026-01-01T16:00:22.792995,54,Comment 864,A
866,41.00817285689374,2026-01-01T15:00:22.792997,1,Comment 865,C
867,8.435150338047775,2026-01-01T14:00:22.792998,44,Comment 866,C
868,10.040254310431274,2026-01-01T13:00:22.792999,45,Comment 867,A
869,98.94746641480701,2026-01-01T12:00:22.793000,47,Comment 868,C
870,146.04558546323426,2026-01-01T11:00:22.793001,13,Comment 869,A
871,23.36510937375693,2026-01-01T10:00:22.793002,22,Comment 870,C
872,15.7865682846333,2026-01-01T09:00:22.793003,21,Comment 871,
873,51.641163254722855,2026-01-01T08:00:22.793005,86,Comment 872,A
874,26.274478380362314,2026-01-01T07:00:22.793006,92,,C
875,1.2857074366323515,2026-01-01T06:00:22.793007,9,,B
876,8.489180164975531,2026-01-01T05:00:22.793008,26,Comment 875,
877,62.934162992652276,2026-01-01T04:00:22.793009,9,Comment 876,B
878,53.782489115876785,2026-01-01T03:00:22.793010,15,Comment 877,C
879,1.3734928942220048,2026-01-01T02:00:22.793011,10,Comment 878,A
880,12.54964869333525,2026-01-01T01:00:22.793013,88,,A
881,13.13807894754655,2026-01-01T00:00:22.793014,42,Comment 880,A
882,55.72073614139259,2025-12-31T23:00:22.793015,72,Comment 881,
883,0.9953690646069703,2025-12-31T22:00:22.793016,24,Comment 882,C
884,5.4968029300686405,2025-12-31T21:00:22.793017,80,Comment 883,C
885,80.45092136481207,2025-12-31T20:00:22.793018,49,Comment 884,C
886,9.833885472589268,2025-12-31T19:00:22.793019,26,,A
887,52.88495444602884,2025-12-31T18:00:22.793021,91,Comment 886,A
888,13.60243111044976,2025-12-31T17:00:22.793022,37,Comment 887,A
889,5.237001674243566,2025-12-31T16:00:22.793023,68,Comment 888,A
890,13.930975820572364,2025-12-31T15:00:22.793024,50,Comment 889,A
891,64.0547406548516,2025-12-31T14:00:22.793025,24,,B
892,899.8916822228916,2025-12-31T13:00:22.793026,19,,A
893,88.66254999877822,2025-12-31T12:00:22.793028,60,Comment 892,A
894,25.30712447375442,2025-12-31T11:00:22.793029,39,Comment 893,A
895,55.14383892022975,2025-12-31T10:00:22.793030,74,,A
896,11.469670516449039,2025-12-31T09:00:22.793031,89,,
897,17.34667943062584,2025-12-31T08:00:22.793032,18,Comment 896,C
898,113.32993143154522,2025-12-31T07:00:22.793033,19,,
899,0.6543594198142502,2025-12-31T06:00:22.793034,36,Comment 898,B
900,4.4693569815224565,2025-12-31T05:00:22.793035,74,Comment 899,A
901,11.65251401199076,2025-12-31T04:00:22.793037,97,Comment 900,C
902,1.3445267612158442,2025-12-31T03:00:22.793038,55,,A
903,10.010150164513638,2025-12-31T02:00:22.793039,69,,A
904,43.73843643721833,2025-12-31T01:00:22.793040,47,Comment 903,A
905,27.35931591839002,2025-12-31T00:00:22.793041,49,Comment 904,A
906,111.59315104109137,2025-12-30T23:00:22.793042,99,Comment 905,A
907,85.03479515097392,2025-12-30T22:00:22.793043,98,,A
908,20.9136402584516,2025-12-30T21:00:22.793045,33,Comment 907,B
909,15.016312607363927,2025-12-30T20:00:22.793046,21,Comment 908,A
910,23.876990405426888,2025-12-30T19:00:22.793047,81,Comment 909,A
911,44.61588750716526,2025-12-30T18:00:22.793048,22,Comment 910,C
912,15.603085490763643,2025-12-30T17:00:22.793049,48,Comment 911,A
913,48.92811227735438,2025-12-30T16:00:22.793050,37,Comment 912,A
914,26.331801963990557,2025-12-30T15:00:22.793051,15,,C
915,40.15336832574222,2025-12-30T14:00:22.793053,35,Comment 914,A
916,28.646269754555604,2025-12-30T13:00:22.793054,92,,A
917,17.439998763116655,2025-12-30T12:00:22.793055,71,Comment 916,B
918,148.26336105761018,2025-12-30T11:00:22.793056,32,Comment 917,A
919,72.1127251866318,2025-12-30T10:00:22.793057,11,,B
920,7.547724906151043,2025-12-30T09:00:22.793058,10,Comment 919,C
921,101.42524638596619,2025-12-30T08:00:22.793059,73,,A
922,33.416016483095824,2025-12-30T07:00:22.793061,78,Comment 921,B
923,112.47697451448717,2025-12-30T06:00:22.793062,77,Comment 922,B
924,80.43572269649502,2025-12-30T05:00:22.793063,57,,A
925,27.687830962930366,2025-12-30T04:00:22.793064,25,Comment 924,B
926,1.136279473877006,2025-12-30T03:00:22.793065,2,Comment 925,A
927,15.645027388824333,2025-12-30T02:00:22.793066,64,,B
928,39.00438778398981,2025-12-30T01:00:22.793067,35,,A
929,50.18486659672682,2025-12-30T00:00:22.793068,7,Comment 928,B
930,14.912733996446944,2025-12-29T23:00:22.793070,85,Comment 929,A
931,7.503720941535777,2025-12-29T22:00:22.793071,18,Comment 930,C
932,90.06935435811958,2025-12-29T21:00:22.793072,67,,A
933,208.03120815936168,2025-12-29T20:00:22.793073,42,,B
934,37.29472734860435,2025-12-29T19:00:22.793074,39,Comment 933,B
935,9.417743183003696,2025-12-29T18:00:22.793075,41,,C
936,15.893823586446644,2025-12-29T17:00:22.793076,75,,B
937,0.9280943705383004,2025-12-29T16:00:22.793078,24,,B
938,122.84442638467785,2025-12-29T15:00:22.793079,60,Comment 937,C
939,6.26405219231015,2025-12-29T14:00:22.793080,46,Comment 938,C
940,42.96203344340779,2025-12-29T13:00:22.793081,19,Comment 939,A
941,690.4759225117375,2025-12-29T12:00:22.793082,68,Comment 940,B
942,40.39177577034926,2025-12-29T11:00:22.793083,90,Comment 941,C
943,52.69443169930135,2025-12-29T10:00:22.793084,42,Comment 942,
944,910.2437922401374,2025-12-29T09:00:22.793086,32,,C
945,11.560126375226792,2025-12-29T08:00:22.793087,39,Comment 944,A
946,0.5528364815848598,2025-12-29T07:00:22.793088,36,Comment 945,A
947,7.360403534369526,2025-12-29T06:00:22.793089,97,Comment 946,B
948,115.13857644265909,2025-12-29T05:00:22.793090,36,Comment 947,C
949,103.53006760265613,2025-12-29T04:00:22.793091,3,Comment 948,B
950,45.492215509824625,2025-12-29T03:00:22.793092,73,,B
951,45.87918592526734,2025-12-29T02:00:22.793094,8,Comment 950,C
952,54.68671147037563,2025-12-29T01:00:22.793095,97,Comment 951,A
953,9.641101431927607,2025-12-29T00:00:22.793096,70,Comment 952,C
954,122.91047803856507,2025-12-28T23:00:22.793097,41,Comment 953,B
955,27.130481717315902,2025-12-28T22:00:22.793098,68,Comment 954,A
956,24.155539966393423,2025-12-28T21:00:22.793099,13,,B
957,36.58584663113405,2025-12-28T20:00:22.793100,49,Comment 956,C
958,2.405233214598861,2025-12-28T19:00:22.793101,60,,A
959,9.093085252463617,2025-12-28T18:00:22.793103,2,Comment 958,A
960,66.97695452119817,2025-12-28T17:00:22.793104,60,Comment 959,
961,4.321413783592179,2025-12-28T16:00:22.793105,5,Comment 960,A
962,46.21011094925578,2025-12-28T15:00:22.793106,44,Comment 961,B
963,14.075001680022039,2025-12-28T14:00:22.793107,27,Comment 962,B
964,24.65711284625942,2025-12-28T13:00:22.793108,32,,B
965,17.0326095977073,2025-12-28T12:00:22.793110,21,Comment 964,B
966,21.977423886142674,2025-12-28T11:00:22.793111,8,,A
967,63.478199331934334,2025-12-28T10:00:22.793112,72,Comment 966,B
968,17.628576980277543,2025-12-28T09:00:22.793113,50,,A
969,41.78217653528511,2025-12-28T08:00:22.793114,67,,B
970,32.317989334513086,2025-12-28T07:00:22.793115,44,Comment 969,A
971,54.48329615463392,2025-12-28T06:00:22.793116,58,,B
972,138.09608237564845,2025-12-28T05:00:22.793117,3,Comment 971,A
973,65.94526356275215,2025-12-28T04:00:22.793119,86,Comment 972,A
974,12.099780662202365,2025-12-28T03:00:22.793120,70,,A
975,1.5839839412128922,2025-12-28T02:00:22.793121,2,Comment 974,A
976,15.208465100279394,2025-12-28T01:00:22.793122,87,,C
977,45.20303259365486,2025-12-28T00:00:22.793123,44,,A
978,2.639763904988734,2025-12-27T23:00:22.793124,2,Comment 977,C
979,34.295297801309445,2025-12-27T22:00:22.793125,81,,
980,45.42144199937801,2025-12-27T21:00:22.793127,35,Comment 979,B
981,20.341593896905017,2025-12-27T20:00:22.793128,98,,A
982,73.68249795733674,2025-12-27T19:00:22.793129,87,,A
983,5.635945738233899,2025-12-27T18:00:22.793130,30,Comment 982,C
984,3.905525289612351,2025-12-27T17:00:22.793131,8,Comment 983,A
985,65.13237051081964,2025-12-27T16:00:22.793132,22,,A
986,34.20851133315343,2025-12-27T15:00:22.793133,44,Comment 985,B
987,58.30213278665705,2025-12-27T14:00:22.793134,58,,C
988,28.531199956442865,2025-12-27T13:00:22.793136,36,Comment 987,C
989,14.144812687926581,2025-12-27T12:00:22.793137,69,Comment 988,A
990,85.49118492855979,2025-12-27T11:00:22.793138,77,Comment 989,B
991,80.3260781980095,2025-12-27T10:00:22.793139,93,Comment 990,A
992,59.32244098545607,2025-12-27T09:00:22.793140,31,Comment 991,A
993,15.882680749401604,2025-12-27T08:00:22.793141,47,Comment 992,C
994,44.608043986173215,2025-12-27T07:00:22.793142,55,Comment 993,A
995,22.390498778991102,2025-12-27T06:00:22.793143,80,Comment 994,A
996,4.802536730332661,2025-12-27T05:00:22.793145,62,,A
997,124.63499217688208,2025-12-27T04:00:22.793146,30,Comment 996,C
998,7.3565224409760015,2025-12-27T03:00:22.793147,55,Comment 997,C
999,150.02453265613812,2025-12-27T02:00:22.793148,16,Comment 998,B
1000,29.53005063954361,2025-12-27T01:00:22.793149,12,Comment 999,C
